"Szabályozási szükségletek","A telekértékadó alkalmazása egyszerű és átlátható.

Más adózási eljárások több központosított részvételt igényelnek.

Több bürokrácia és fecsérlés.
Több erőfeszítés a megfeleléshez és a betartatáshoz.
Több megfigyelés a hatóságok részéről. 

Telekértéket becsülni nehéz, de nem annyira, mint jelenteni, számontartani és ellenőrizni
adatokat kevésbé optimális bevételi források esetén, mint például
SZJA, ÁFA, vagyonadó, ingatlanadó (épülettel együtt)."
"    Progresszív Adózás","A telekértékadó természeténél fogva progresszív.
Az áthárítása nem lehetséges, és 
a tehetősebbeket jobban terheli.

A telkek ÉRTÉKE a tehetősebbek kezében koncentrálódik.

Az Egyesült Államok háztartásainak a felső 1 %-kában összpontosul az országos lakásvagyon 20%-a.
Az ezt követő 10% képviseli az országos lakásvagyon 35%-át.
A háztartások alsó 90%-a szintén 35%-ot tesz ki.

Ezeket az arányokat az Egyesült Államokban mérték 2012-ben, de 
hasonló viszonyok állnak fenn számos fejlett gazdaságban, és ez a trend csak gyorsult azóta."
Környezet,"A természet az emberek számára rengeteg értékes dolgot biztosít.

Ezeket az értékeket nem egyének hozták létre, és kizárólag a társadalom szükségleteinek és lehetőségeinek köszönhetően válik az egyének számára elérhetővé. 

Ezeknek az értékeknek a privatizálása egyes emberek gazdagodásával jára többiek kárára.

Ezeknek az értékeknek a visszanyerése nem befolyásojla a termelést.

Előnyösebb és egyben hatékonyabb a kiaknázott erőforrások általnyújtott értéket a társadalom javára felhasználni, úgy, hogya privatizált érték a termelőket csupán az erőforrások feltárásáért, 
feldolgozásáért és piacra juttatásáért kompenzálja. "
Infrastruktúra,"A közszolgálati infrastruktúra növeli a telkek értékét.

A telkek értékienek jelentős része a közszolgálati infrastruktúrák elérhetőségéből adódik.TömegközlekedésKözművekUtak és hidakParkok és közvilágításstb.


Ez egy öngerjesztő befektetési folyamatot alakít ki, amiveltermelékenyebbé válnak területek, ennek következtében növekednek a területekből az állam által kinyerhető járadékok, amik karbantartják és fejlesztik az infrastruktúrát, illetve új projektek jutnak finanszírozáshoz."
Területhasználat,"Szinte mindenki szomszédja mindenkinek.

A tér nem optimális kihasználása közvetlenül és közvetve
mindenkire költségeket ró.   

A jelenlegi adóstruktúrák és torzított ösztönzők a tér rossz felhasználását segítik elő, egyesek még nyerészkedni is
tudnak ezekből a hatékonysági problémákból.

Lehetséges a városokat, a falvakat és még a mezőgazdasági területeket isjobban elrendezni.

A telekértékadó elősegíti egészséges és életteli ökoszisztémák kialakulását."
"Az ingatlanspekuláció","Az ingatlanspekuláció élősködés.

A telkek értéke több forrásból ered:
    - Közkiadások és közjavak elérhetősége
    - A közösség termelékenysége 
  - Az infrastruktúra az agglomerációból származó szinergiák

A telek tulajdonosa nagyon keveset tud hozzáadni a telek értékéhez.

Az ingatlanspekulátorok arra várnak, hogy mások olyan munákat végezzenek el, ami
növeli az ő területük értékét, miközben magát a telket
kizárják a használatból addig, amíg valaki 
nem fizet.  
Ez az improduktív emberek vagyonát gyarapítja 
a dolgozó emberek kárára, ami által szinte mindenki
szegényebbé válik."
"Az ingatlanpiac","Az ingatlanpiacok nem ideálisak

- A tőkének, a munkának és a területeknek a jövedelmeinek egyensúlyban kellene lenniük.
- A piaci áraknak arányosnak kell lenniük.
- A vevőknek és az eladóknak egyenlő piaci hatalommal kellene rendelkezniük.

A telkekből származó vagyonnövekedés piaci hiányosságokból ered.

A piacoknak a leghatékonyabb és legméltányosabb
elosztást *kellene* elérniük, de ez nem valósul meg 
az ingatlanpiacokon szinte sehol a világban."
"Eltérések kiegyensúlyozása","A jólét nincsen elosztva.

Feltűnő a különbség a lehetőségek és az életminőség terén
a Londonhoz és New Yorkhoz hasonló globális városközpontok és 
és az Északkelet-Angliához vagy Appalache-hegységhez
hasonló vidékek között.

A telekértékek összefüggnek ezekkel az egyenlőtlenségekkel, de nem 
tükrözik ezt egy az egyben. Ezeknek a különbségeknek egy jelentős részét
az adórezsim és az közfinanszírozás egyenlőtlen megvalósítása gerjeszti.

A demográfia nem egyenlő a sorssal.

Jómódú térségek lehetnek egyenlőtlenek, gyakran azért, mert 
hátrányos helyzetű csoportokat kizárnak 
az értékesebb területek felhasználásából, vagy aránytalanul kis részben jutnak hozzá
közjavakhoz.

"
"Tehermentesített munkások","Rengeteg állítólagosan ""igazságos"" adó a munkásokra hárul igazságtalanul.

Az ÁFA súlyosabban terheli azokat, akik a vagyonuk nagyobb hányadát
használják fel alapvető javak vásárlására (különösen, ha az ÁFA a lakosság számára nem visszatéríthető).

Az SZJA súlyosabban terheli azokat, akik nem tudnak megbízni
könyvelőket és ügyvédeket a pénzügyeik egyengetésére.

A munkáltatói adó súlyosabban terheli a becsületes munkára
hagyatkozókat, mint a vagyonfelhalmozókat.

Az (épülettel együtt értendő) ingatlanadót áthárítják a  
tulajdonosok az albérlőkre.

A vámokat és a jövedéki adókat áthárítják a
fogyasztóra, és általában érdekcsoportok járnak jól velük."
"Túl nagy birtokok","A jelenlegi rendszerben a föld túlhasználatát támogatják.

Az adórendszer és a támogatási rendszer arra ösztönzi az embereket, hogy 
kevesebb munkást, illetve több területet és tőkét használjanak.  

Ez hátrányos piaci ösztönzőket eredményez.

A szükségesnél többet birtokló tulajdonosok hajlamosak ragaszkodni a tulajdonukhoz.

Túlméretezett telepek megakadályozzák új szereplők belépését, és 
torzítják a hitelpiacot. 

Ugyanakkor mezőgazdasági és hasonló szektorok esetén a túlméretezett
helyszínek kevésbé hatékonyak."
Fejlesztés,"A megfelelő telek megtalálása és felvásárlása gyakran kifizethetetlenül drága.

A telkek birtokosai kompenzációt akarnak a 
helyük kapitalizált bérleti értékéért.   
A vállalkozók számára jelentős hátrányt jelent az üzletük 

kiterjesztése során a vásárláshoz szükséges források előteremtése. 

A telkek vásárlásakor gyakorlatilag egy összegben ki kell fizetni 
sok évnyi járadékot, vagy valaki mást kell megkérni az ingatlan finanszírozására."
"Távoli ingatlantulajdonosok","Egy nem jelen lévő ingatlantulajdonos miért jó?

Távol élő ingatlantulajdonosoknak fel kell bérelniük valakit, aki
gondozza az ingatlant és kezeli az albérlőket, vagy egyszerűen kihasználatlanul haggyák a helyüket.  

Mindkét esetben drágábbá válik a lakhatás és a vállalkozás 
a ténylegesen ott élők számára.   

A telekértékadónak köszönhetően az ingatlantulajdonosok 
vagy el kezdenek fejleszteni, vagy eladják az ingatlanukat."
"Alulhasznált telkek","Az ingatlanspekuláció többet jelent üres telkeknél.

Sok városi válalkozás nem a lehető legjobban használja ki 
a rendelkezésére álló helyet. Gyakran kifejezetten olyan üzleti tervvel 
működnek, ami számba veszi a növekvő telékértékeket. 
  

Gyorséttermek, bizonyos boltok, parkolóhelyek 
és sok más látszólag hasznos vállalkozás gyakran legalább annyi pénzt,
ha nem többet keres a terület árának a növekedéséből 
a közösség révén, mint a tényleges üzleti tevékenységéből.  

Ez kevésbé látványos, közvetett, de nagyon jövedelmező 
módja a társadalom kihasználásának.   "
Definancializáció,"A lakhatás túlzottan magas ára aránytalanul nagy hatalmat ad bankoknak.

Minden fejlett gazdaságban a lakáshitelek teszik ki
a kölcsönök többségét.  
Az Egyesült Államokban a kölcsönök több mint fele ingatlanvásárlásra 
került kibocsátásra.   

A bankok fokozatosan átváltottak a reáltőke és a cégek finanszírozásáról 
már előzőleg létező vagyonokra, különösen ingatlanokra. 

Ez a bizonytalan helyzet fellendüléses-visszaeséses ciklusokkal, és
recessziókkal jár.

Egész országok gazdaságainak a visszaesését eredményező buborékok 
létrejöttében általában erős tényező az ingatlanpiac."
Agglomeráció,"Helyzetelőny = termelékenységnövekedés.

A városok azért növekdnek és fejlődnek, mert a közelség előnyét
biztosítják a lakóiknak.

A cégek, munkások, tőke és erőforrások együttes közelsége 
olyan szinergiákat eredményez, amik növelik a 
termelékenységet és csökkentik összetett és előre nem
látható módon a költségeket.

Minden helyi termelékenységnövekedés emelkedő járadékokat eredményez.

Ezek a megnövekedett járadékok a telkek értékeiben mutatkoznak meg, de
nem egyének felelősek értük, hanem a közösség egésze.  
Még több előny kovácsolható ilyenkor jobb adópolitikával."
Városszétfolyás,"A tér helytelen elosztása költséges, egészségtelen, és támogatásokat igényel.

A városszétfolyás természetes következménye
a szállítási technológia kifejlődésének, és a munkások és vállalkozók
magas ingatlanárak elől való menekülésének.

Bár a várostól távol élésnek megvan a maga bája,
költségekkel is jár a kiköltözés.
    - Az ilyen közösségek idővel fizetésképtelenné válhatnak, és támogatásra szorulhatnak. 
    - Ezeken a helyeken visszafogott a növekedés és az innováció.
    - Az itt élők egészsége, boldogsága és kapcsolatai is kárt szenvedhetnek.
    - A városszétfolyás káros a környezetre.

A telekértékadó jobban összhangba hozza az ösztönzőket a költségekkel.

"
"Az infrastruktúra költségei","Az ésszerű, helytakarékos fejlesztések jövedelmezőek.

Túlzottan drága a szuburbanizáció infrastruktúráinak 
a finanszírozása, és ritkán értelmes. 
A vásorok gyakran jelentős hiteleket vesznek fel olyan területek kiszolgálására, 
amelyeknek a karbantartási és építési költségeik soha nem fognak megtérülni. 

Megfelelően felbecsült értékű telkek adóztatása rámutat arra, 
hogy mekkora infrastruktúrális befektetéseket kell a politikai 
közösségnek jóváhagynia."
Holtteher,"A gazdaság és a társadalom egészét lehúzzák 
rossz adók.

Nem csak drágítják a termékeket és a szolgáltatásokat, hanem 
bizonyos állások soha nem jönnek létre, bizonyos
tranzakciók soha nem történnek meg, bizonyos
innovációk soha nem valósulnak meg, mert
járadékvadászok egy további privát adót vetnek ki 
kapuőrökként a termelékeny társadalomra."
"Helyszínek kínálata","Olcsó telekárak esetén több lehetőség van.

Így, hogy olcsóbbá válnak a telkek, és a használatból 
kivonva tartani területeket nem érdemes, az embereknek
és vállalkozásoknak több lehetőségük adódik olyan helyeken
élni/dolgozni, ahol igazából szeretnének lenni.

Azzal, hogy nem a fejlesztéseket adóztatjuk, csak a helyszínt, több fejlesztés valósul meg.


Azzal, hogy az intenzívebb használatot nem büntetik adók,  
a telektulajdonosok több és minőségibb lakhatást 
tudnak biztosítani.  "
Családalapítások,"A háztartásbeli döntések függnek a lakhatás elérhetőségétől.

Sok életcél egyszerűen elérhetetlenné válik a  
lakhatási költségek miatt.

Az albérlő generáció új stratégiákkal próbálkozott a magas
bérleti díjak ellensúlyozására, de sok helyen le kényszerült 
mondani az otthonbirtoklásról és csak megkésve tudnak a tagjai családot alapítani.

Ez elidegeníti az új generációkat a társadalomtól,  
otthon nélkül nem fogják a társadalom teljes értékű tagjainak érezni magukat.

A társadalom egészségére nézve így nagyon sötétek a kilátások."
"Élettér és munkahely","Az ingatlanpiacot nem érdekli, hogy te ki akarod-e venni a részed belőle.

Mindenki önkéntelenül is része ennek a piacnak más olyan piacokkal ellentétben,  
amik rugalmasan tudnak a kínálatukkal válaszolni piaci változásokra. 
A növekvő telekértékek felhalmozásra és spekulációra 
biztatják a résztvevőket.  

Lehetetlen kimaradni a területhasználatból, még akkor is 
a pénzt szeretnél spórolni.  Még a hajléktalanoknak is kell valahol
aludniuk.

A telekértékadó gondoskodik arról, hogy az értéket hozzá nem 
adó, profithajhász résztvevők, akik korlátozzák a helyekhez való hozzáférést, 
elhagyják önként a nem használt területeket.   "
"Több befektetés","Ha a munkásokra, szolgálatásokra, termékekre irányuló reálbefektetések veszik át 
a privilégiumokra és járadékokra irányuló befektetések helyét,
az drámai hatással bír a gazdaságra.
  

A kevésbé termelékeny cégeket szolgálják a növekvő telekárakkal.

A birtokolt telkek ilyen szereplőknek könnyebb hozzáférést biztosítanak kölcsönökhöz
sajnos még akkor is, ha nem használják ki a területeket."
"Szennyezés visszaszorítva","A tipikus városszétfolyás egy ökológiai katasztrófa.

A közlekedés emissziója sokkal nagyobb, mint amit nem
rosszul allokált és túlfogyasztott területek esetén tapasztalhatnánk.

Az erdőírtásból, lecsapolásból, megzavart vándorlási útvonalakból és  
és megzavart életterekből eredő ökológiai kár jelentős költségekkel jár, amielkerülhető lenne, ha nem kellene túlárazott területekből kiszorítva 
építkezni.

A városszétfolyás nem csak városi jelenség.  
A helytelen adópolitika a mezőgazdasági területek túlhasználatához,
illetve a munkaerő alulhasználatához vezet, ami mellett még 
környezetvédelmileg aggályos növényvédő-szereket és 
műtrágyákat is kénytelenek így alkalmazni."
"Előjogok beárazva","Azok, akik munka nélkül jutnak előnyökhöz, arányosan kompenzálni 
fogják a honfitársaikat. 

Sok amerikai joghatáságnál az emberek életútját alapvetően 
meghatározza a születési helyük.  

Kívánatosabb térségek lakói viszonylag több előnyben részesülnek  
a közjavak és a kormányzati kiadások révén, mint
a kevésbé tehetős térségek lakói.

Ha még birtokolnak is telket, akkor még fizetést is kapnak pluszban 
a jó szerencséjükért.

A tehetős és hátrányos helyzetű régiók egyaránt az általuk
kapott közszolgáltatásokkal arányosan lesznek azadóztatva."
Közfinanszírozás,"A telekértékadó kevésbé van kitéve előre nem látható külső hatásoknak.

Az SZJA, ÁFA és jövedéki adó függnek
helyi regionális, országos és globális gazdasági trendektől.

A telkek nem szervezhetőek ki offshore számlákra, nem eshetnek más nemzetek hatóságai alá,  
nem számolódhatnak fel stratégikusan, illetve nem esnek áldozatul kereskedelmi háborúknak.

  A telekértékadó a leginkább alkalmazkodó illeték.

Mivel a hatékonyságon kívül semmire nem fejt ki kényszerítő hatásokat a telekértékadó,
 a lehető legmagasabb fokú alkalmazkodási képességet és innovációt
 teszi lehetővé gazdasági sokkok idején."
"Igaszságtalan adók","Az adók elengedhetetlenek, de tórzító hatásúak.

Olyan dolgok adóztatása, amikre az emberek vágynak, mint pl. 
Kereskedelem, foglalkoztatás, termékek, általában
kevesebbet eredményez ezekből a vágyott javakból.

Viszont a telkek adóztatásával 
ezek a ""rossz"" adók csökkenthetőek vagy megszüntethetőek."
Egyenlőtlenség,"Az egyenlőtlenség a legjobban a lakásvagyon eloszlásában nyilatkozik meg.

Az elmúlt 100 évben a telkek értéke gyorsabban növekedett, mint kötvényeké, eszközöké, még a GDP-t is lehagyta.

Az Egyesült Államokban 2012-ben a felső 1% birtokolta a telekértékek 20%-át. Az alsó 90% csak a 33%-át. 
Németországban 2014-ben a felső 10% birtokolta az ország teljes vagyonának a 60%-át, aminek a java ingatlan.

Ezeknek a járadékoknak a privatizálása egy hatékony és alábecsült módja a szegényektől a gazdagok felé irányuló vagyontranszfernek. Kevesen értik a telekértékek gazdaságra kifejtett rendszerszintű hatását, de ennek a hatását mindenki érzi.   "
"Jobb Lakhatásakhatás","A lakhatás össze van fonódva az adórendszerrel és annak közvetett hatásaival. Általában valaminek az adóztatása kevesebbet eredményez az adóztatott dologból. Az épületeket terhelő ingatlanadó kevesebb, kisebb és gyengébb minőségű építkezést és karbantartást idéz elő.

Ez közvetve, a földmonopóliummal és privatizálható járadékokkal párosulva garantálja a lakhatás kínálatának a hiányát.

A telekértékadó egyszerre teszi ésszerűvé a fejlesztéseket és a lakhatási kereslet kielégítését, és korlátozza a lakhatást visszatartó viselkedést veszteségessé."
"Árak és albérletek","A telekárakat és a lakhatási költségeket nem hatékony piaci mechanizmusok befolyásolják. Addig, ameddig a bérek lassabban növekednek a bérleteknél, lehetetlen a lakhatást egyszerre elérhetővé és jövedelmező befektetéssé tenni.

Az ingtlanspekulátorok és a vagyonukat gyarapítani igyekvő otthontulajdonosok kaotikussá és megfizethetetlenné teszik a lakhatást.  

A telekértékadó lehetővé teszi, hogy a helyi kereslet dinamikájának megfelelő áron lehessen területhez jutni, illetve természetes növekedést és változásokat segít elő, mindemellet belépést biztosít az ingatlannal nem rendelkezők számára a piacba a jövőjük felélése nélkül."
"Boom Bust Cycle","A telkek közgazdasága az üzleti körforgást meghatjó erők közül sokat megmagyaráz.

A könnyen hozzáférhető hitel és a járadékvadászat ingatlanlufikat eredményez. Az ingatlanárak pedig összeomlanak, amikor a keresleti lufit utoléri a lakhatási kínálat, vagy elfogynak a hitelek. Ez az összeomlás a gazdaság egészét magával rántja.

Minden gazdaságban a vagyon javát a telkek adják, amiket az épületek követnek, majd pedig az infrastruktúra. Azok a rendszerek, amiket az emberek ipari vagy technológiai gazdaságoknak tekintenek, továbbra is a földön alapulnak. 

Globálisan a befektetések 60%-át ingatlanspekuláció teszi ki. Azzal, hogy korlátozzuk az ingatlanspekuláció jövedelmezőségét, a befektetőket improduktív papírok halmozásáról át tudjuk állítani vagyontermelő vállalkozásokba történő befektetésekre."
"Jóléti kiadások","A skizofrén föld- és adópolitikából eredő földmonopóliumok, lakhatási hiányosságok és egyéb perverz ösztönzők fokozzák és elősegítik társadalmi problémák egész garmadáját. Ezeknek a problémáknak a tüneti kezelése többe kerül, mint az okainak a felszámolása.

Azzal, hogy a telkek birtokosainak, a fejlesztőknek és a munkásoknak az érdekeit összhangba hozzuk, az egyenlőtlenségekből és a tér rossz elosztásából eredő társadalmi problémákat drasztikusan csökkentjük, illetve megszüntetjük a helytelen adózásból és földhasználatból származó nem kívánatos hatások enyhítésének a folytonos kényszerét."
Foglalkoztatás,"Ez az adórendszer a legközvetlenebbül tapasztalható hatásait az állások, bérek és befektetések terén fejti ki.

A bérek adóztatása kevesebb álláshoz, és alacsonyabb bérekhez vezet. A befektetések adóztatása kevesebb befektetéshez és vállalkozáshoz vezet.

Ezek az adók észrevétlenül csökkentik a fizetéseket, megakadályoznak tranzakciókat, csírájában elfojtanak vállalkozásokat, olyan állásokat nem hirdetnek meg miattuk, amikre amúgy szükség lenne.

Viszont a telekértékadónak nincsen holtteher-vesztesége, nem változtatja meg a rendelkezésre álló területek mennyiségét, kizárólag gerjesztő hatással bír a termelésre megfelelő értékbecslés mellett.  

"
"Testi és Lelki Egészség","Azok az emberek, akik olyan gazdasági és jogi környezetben kénytelenek boldogulni, amibe nincsen beleszólásuk, számos mérhető módon hátrányt szenvednek, függetlenül attól, hogy a rendszer elvei alapján sikeresek-e.

Stressz, túlzott munkavállalás, környezetszennyezés, a környezet károsodása, gyenge minőségű lakhatás, hajléktalanság, veszélyes munkakörülmények, egészségtelen táplálkozás, csak néhány példa azokból a jelenségekből, amik csökkentik az életminőséget, pedig ezek a jelenségek mind kezelhetőek ésszerűbb területhasználattal, illetve igazságosabb munka- és lakhatási körülményekkel.

"
Adókerülés,"Szinte minden adónem ki van téve adóelkerülési stratégiáknak
elegendő motiváció esetén. 

A jövedelem- és vagyonadókat át kellene nevezni 
'adókerülési olimpiává'. Gyakran meg sem haladja a beszedett adóbevétel a 
beszedéshez szükséges kiadásokat.

A föld más.

A telkek nem rejthetőek el, nem mozdíthatóak, a tulajdoni 
szerkezetük átlátható.   Könnyű a ki nem fizetett adókat szankcionálni."
"Környezetvédelem

","Sok tekintetben a környezet károsodása gazdasági probléma: Egy közös erőforrásunkat felélik a valódi költségek megfizetése nélkül. Ez magukra a telkekre is vonatkozik, illetve a kinyert természeti erőforrásokra és a kibocsátott károsanyagokra.

A modern társadalom sok szempontból optimalizálta a munka és a tőke alkalmazását, de pazarlóan használja a természetet. Externáliák és támogatások szövevényes hálózata sok környezetkárosító jelenséghez vezet: szuburbanizáció, fölösleges szállítások, spekulációk, stb. A területek helytelen használatának, és az ilyen viselkedések jövedelmezőségének köszönhetően.

A telekértékadó összhangba hozná a fejlesztések és a termelékenység előfeltételeit azzal az elvárással, hogy a közös erőforrásaink túlfogyasztói ne profitáljanak, hanem fizessenek a túlfogyasztásukért. Ezzel a közösség ténylegesen fenntarthatóvá tudja magát átalakítani.

"
"Erőforrások járadékai","A természet erőforrások igazságtalanul vannak privatizálva.

Ezen erőforrások árai tükrözik a használatukból létrehozható vagyon 
mértékét és az erőforrást felvásárolni kívánó társadalom
rendelkezésre álló vagyonát.

Ezek az árak a területek birtokosainak sokkal több
vagyont biztosítanak, mint amennyi értéket hozzáadnak a termékeikhez a természeti kincsek
kinyerésével, finomításával és értékesítésével. "
"Alternatívák biztatása","Az olcsó telkek és természeti erőforrások kiárazzák az innovációt. 

Ha a természeti erőforrások kinyerésének és használatának a
teljes költségét a társadalom állja, de ezeknek az erőforrásoknak az 
értékét privatizálják, akkor kevés dolog ösztönzi az embereket 
alternatív, hatékonyabb életciklusú módszerek 
kifejlesztésére.  A ki nem érdemelt jövedelmek megfelelő adóztatása helyreállítja a motivációt.

Amint a társadalom meglátja a telkek, illetve az erőforrások használatának a valódi költségeit,
a fogyasztók és a döntéshozók azonnal belekezdenek jobb alternatívák bevezetésébe."
"Fejlesztés hiánya beárazva","A telkeken építkezni kell a szükségletek kielégítéséhez.

Ha nem áll terület a spekució számára rendelkezésre, illetve
nem birtokolható profitért improduktívan, akkor 
nem fognak az emberek többet birtokolni, mint amennyire szükségük van.  

Ez egybevág a környezetet védeni kívánók és a fejleszteni
és növekedni akarók érdekeivel egyaránt. 

A monopólium alól felszabadított természetes terek 
értéke nyílvánvalóvá válik akkor, amikor az ilyen
helyek közelében lehetővé válik a lakhatás és a munka."
"Nem hasznosítható területek vadonhagyása","A monopólium alól felszabadított természetes terek 
értéke nyílvánvalóvá válik akkor, amikor az ilyen
helyek közelében lehetővé válik a lakhatás és a munka.

Amikor már a lakhatási szükségletek kielégültek, és az ipar is
hozzáfér a működéséhez és a növekedéséhez szükséges helyekhez anélkül, hogy 
járadékvadászoknak kellene váltságdíjat fizetnie, akkor egyetértés lesz abban, hogy
nem természetellenes a vadon városközpontoktól nem túl távol.

Ugyanezek a területek alacsony termelékenységű közösségeknek is
tudnak helyet biztosítani végső esetben egyfajta közlegelőkként. "
"Élősködők megállítva","A termélésben részt venni nem akaró egyének nem tudnak visszaélni a
 hatalmukkal, nem tudnak járadékokat begyűjteni a termelésben résztvevőktől.

Az ingatlantulajdonosok arra kényszerülnek, hogy vagy
az ingatlanjaikat termelékenyen használják az adók ellensúlyozásához, vagy
eladják az ingatlanjaikat valakinek, aki hajlandó így felhasználni a helyet.

Nem lesz többé jövedelmező kívánatos helyszíneknek a kihasználatlan birtoklása,  
illetve gyenge minőségű lakóegységek kiadása
túlzott bérleti díjjal.  

Másodlagos élősködők, akik az alacsony bérekkel igyekeznének visszaélni,
egy a kihasználással szemben ellenállóbb munkaerővel találják magukat szemben.

"
"Kifizetett termelők","A termelők a társadalomnak nyújtott szolgálatukkal
arányosan kompenzálódnak.

Azzal, hogy a béreket nem sajátítják többé ki járadékvadászok a
a monopóliumok révén, a munka és a tőke részesedése 
a gazdaságból és a jövedelmekből nagyobbá válik.

A bérből élők erősebb alkupozícióba kerülnek, és
kevesebb nyomás nehezedik rájuk az alvérletek miatt.

Ténylegesen értékteremtő vállalkozások a teljes fizetésüket 
megkapják, nem kell többé tétlen járadékvadászok
sarcát fizetiük."
Vállalkozók,"Az adók által megváltozott ösztönző visszafogják
a kereskedelmet, a foglalkoztatást és az innovációt.

A kereskedelemre és a termelésre kivetett adók csökkentik a
termelékenységet és a bőséget az gazdaság egészében.

A jövedelmekre és bevételekre kivetett adók visszafogják a foglalkoztatást és 
a megtakarítást.

Az adózatlan telkek az egész gazdaságot terhelik, mivel 
a lakosság és az üzletek nagyobb járadékokat/bérleti díjakat kénytelenek fizetni a területek birtokosainak.

Ilyen esetben a legsikeresebbek azok a vállalkozások, amelyek 
a legtöbb vagyont és monopóliumot birtokolják, vagy képesek 
elkerülni az adókat, nem pedig azok a vállalkozások, amelyek a
leginnovatívabbak, legtermelékenyebbek, leghatékonyabbak vagy legnépszerűbbek."
"Helyi hatóságok","Egy ideális világban a helyi hatóságoknak kellene felmérni és megoldani a helyi problémákat.

A telekértékadó helyben kivethető és helyismeretet igényel. A döntéshozóknak ismerniük kell a helyi közösségeket, és közvetlen kapcsolatban kell állniuk velük.  

"
Túlfogyasztás:,"Akik többet vesznek a közös, fix kínálatú erőforrásainkból (ilyenek a telkek), mint 
amennyire szükségük van, másoktól vonnak meg lehetőségeket.
 
Összeségében a közösség szegényebb lesz ilyenkor: A hozzáférésből 
kizárt emberek több területen is hátrányt szenvednek.

Nem számít az, hogy a túlfogyasztásnak mi az oka addig, ameddig 
kompenzáljuk a lehetőségekből kizárt honfitársainkat.

A túlfogyasztók ezután felmérik, hogy valóban szükségük van-e annyi erőforrásra, 
amennyit használnak."
"Szükségletek kielégítése történő használat","Nem optimális adókkal terhelt közösségeknél gyakran nem optimális fejlesztés sem.

A döntések túl gyakran a döntéshozók érdekeit szolgálják. 

Gyakran az így bevezetett változások azt szolgálják, hogy elősegítsék az adóztatást, függetlenül
a közösség tagjainak a szükségleteitől és igényeitől. 

Az üzletek és a munkások gyakran arra alapozzák a döntéseiket, hogy mi hoz elegendő 
pénzt a bérleti díjak vagy adósságok kifizetésére a 
a közösség szükségleteinek és igényeinek kiszolgálása helyett."
"Végtelen növekedés","A növekvő albérletek városszétfolyáshoz vezetnek. 
A városszétfolyások továbbterjednek külsőbb lakóövezetekbe.  
A lakóövezetek pedig továbbterjednek mezőgazdasági térségekbe, amik meg benyomulnak a vadonba.

A lakosságnak és a vállalkozásoknak állandóan szükségük van 
megfizethető helyekre.

A kormányok fejlődésre és növekedésre vágynak a bevételi forrásokért,
a mérlegek megerősítéséért és a hatalom kiterjesztéséért.

Ezeknek a többsége szükségtelen ésszerűbb területhasználat és pénzügyi struktúra mellett. 
 - Az öncélú növekedés a tumor ideológiája. "
Felelősség,"Helyi intézmények gyakran nem rendelkeznek a szükséges erőforrásokkal ahhoz, hogyreagálni tudjanak a problémákra, amire kifejezetten nekik kellene lépéseket tenni.  

Távolról kivetett, igaszságtalan, nem hatékony adók súlyosbítják a problémákat, és 
helyi közösségeket vonnak felelősségre a problémákért, amik valahogy 
sosem oldódnak meg.  Ilyenkor magasabb szintre, távolabb eső hatóságokra hárítják
a felelősséget, ami többet árthat, mint használhat.

A telekértékadó önkormányzatilag bevezethető, és a helyes gyakorlatok 
biztosítanák a helyi intézmények cselekvőképességét a megfelelő szinteken,  
anélkül, hogy külső finanszírozásra kellene szorítkozniuk, vagy újraelosztásra 
nem kapcsolódó kasszákból."
Közjavak,"Ha egy helyet megfelelően finanszíroznak és minőségi 
infrastruktúrával, munkaerővel, és jó reáltőkével látják el,
 akkor a biztonságot, a hasznosságot és a kívánatosságot 
növelő befektetések egy öngerjesztő folyamatot indítanak el, aminek 
köszönhetően nő a hely értéke és a helyszíni előny.  "
"Helyes allokáció","A termelékenységet és a fejlődést jelentősen visszatartja az erőforrások
és a hozzájuk rendelhető eszközök térbeli távolsága, 
különösen a munkásoké és a vállalkozóké.
 

Az ilyen nem optimális térhasználat egyik legvastagabb gyökerét egy az egyben ki tudja 
tépni a telekértékadó.

Amint az elhelyezkedéseket nem hátráltatják a markukat tartogató birtokosok és pénzügyi intézetek, 
a tőke hatékonyabban tud elhelyezkedni, a munkások könnyebben tudnak költözni, ami 
felturbózza a termelékenységet és a fejlődést.

"
"Szeresd a lakóhelyed","Számos kényszertényező befolyásolja, hogy hol laknak az emberek.

Egyensúlyt kell találni a megfizethetőség, a munkahely elérhetősége 
a közszolgáltatások, a közösség elérhetősége és egyéb tényezők között.

Ricardo járadéktörvényéből következően a fiatalok vagy kevésbé képzett munkások
gyakran kevésbé ideális helyeken kényszerülnek lakni.   
""Ideiglenesen"", amíg el nem kezdik megmászni az ingatlanlétrát.

Leendő városi lakástulajdonosoknak gyakran mondják, hogy
""Menj autóval, ameddig megéri"", és elvárják tőlük, hogy lélekromboló dugókkal 
teli közlekedéseket elfogadják, mint az élet rendjét.  

Nincsen semmilyen gátló tényezője annak, hogy a népszerű környékek 
befogadjanak eltérő jövedelmű, életmódú lakosokat, és különböző épületeket, azon kívül, 
hogy a helyi ingatlantulajdonosok pénzt várnak el a hozzáférésért, és olyan 
törvényeket hoznak, amik védik a ""befektetéseiket"". 

Természetesen a telekértékadó nem fog mágikusan mindenki számára pont ott helyet 
biztosítani, ahol élni szeretne, de elősegíti az egyes környékeknek az alkalmazkodását 
a helyi lakosok elvárásaihoz egy sokkal szélesebb spektrumon.
"
Fejlesztések,"Ha valamiből többet akarsz, adóztasd kevesebbet.

Ehhez kapcsolódóan két ellentmondás van a jelenlegi ingatlanpiacon.

1.) A telkeken történő fejlesztések, amiket az emberek akarnak, növelik az adóterheket.

2.) Telkek üresen hagyása ellenben kevesebb adóteherrel jár.  


A jelenlegi rendszernek ez a kettő hatása együttesen visszatartja a természetes forgalmat, és
hozzájárul a stagnáláshoz és az építkezések elmaradásához.

Egy megfelelő telekértékadóval az ingatlanok természetesen tudnak fejlődni
és alkalmazkodni a fejlődő és növekvő közösséghez.   
A lakóegységeket így megéri felújítani és növelni, az ingatlantulajdonosok 
rákényszerülnek a piaci trendek követésére és a közösséget szolgáló értékteremtésre. "
Termelékenység,"A termelékenység nem csak a hozzáadott munkától és tőkétől függ.


A föld a harmadik különálló termelési tényező, ami hatékony, járadékvadászat
nélküli használat esetén drámai hatással bír a termelésre. 

Minden munkás többet fog kapni a munkájáért. 
A termelékeny technológiák és szervezetek több befektetést élveznek a 
a természeti lehetőségeket lefölező improduktív tevékenységek helyett, ami
masszív innovációkat eredményez.

Az eddig járadékokat privatizáló cégek és egyének csökkenő profitokat fognak
tapasztalni, aminek következtében produktívabb tevékenységekhez
fordulnak.  "
